{
  "roc_auc": 0.867408367543862,
  "average_precision": 0.7991071129748037,
  "confusion_matrix": [
    [
      19740,
      2666
    ],
    [
      2122,
      5206
    ]
  ],
  "classification_report": {
    "0": {
      "precision": 0.9029366023236667,
      "recall": 0.8810140141033652,
      "f1-score": 0.8918406072106262,
      "support": 22406.0
    },
    "1": {
      "precision": 0.6613313008130082,
      "recall": 0.7104257641921398,
      "f1-score": 0.685,
      "support": 7328.0
    },
    "accuracy": 0.8389722203538037,
    "macro avg": {
      "precision": 0.7821339515683374,
      "recall": 0.7957198891477525,
      "f1-score": 0.7884203036053131,
      "support": 29734.0
    },
    "weighted avg": {
      "precision": 0.8433925231728593,
      "recall": 0.8389722203538037,
      "f1-score": 0.8408643520939427,
      "support": 29734.0
    }
  }
}